ID,Category,Issue / Error Description,Root Cause,Solution & Implementation,Status
1,SEO / XML,Sitemap could not be read by Google Search Console,Unencoded spaces in map URLs (/maps/skirmish a), unsanitized slashes (/agents/kay/o), and duplicate route entries in sitemap.xml.,Implemented slugify helper to sanitize all slugs to clean hyphenated URLs (kay-o, skirmish-a, the-range). Added Map deduplication in sitemap.ts.,RESOLVED
2,Performance,Web app feels slow during page navigation,Every client page fetched 1.5MB+ JSON payloads directly from 3rd-party valorant-api.com on mount without caching.,Created src/lib/api-cache.ts (in-memory + sessionStorage cache) providing 0ms responses on repeated page views across the app.,RESOLVED
3,Performance,DOM Rendering Lag on Skins and Cosmetics pages,Pages attempted to render 1300+ card elements and images into the DOM simultaneously on initial load.,Added 48-item batch pagination with a smooth Load More button in CosmeticsGrid and Skins Index page.,RESOLVED
4,Lighthouse / LCP,High LCP Resource Load Delay (~4000ms),Hero background images lacked fetchPriority="high" and browser had no preconnect hints for 3rd-party image domains.,Added preconnect and dns-prefetch resource hints for valorant-api.com and media.valorant-api.com in layout.tsx. Added fetchPriority="high" to LCP hero images.,RESOLVED
5,Search Console,Page cannot be indexed: Not found (404),Google smartphone crawler attempted to fetch malformed legacy URLs (/agents/kay/o, /maps/skirmish a) from pre-fix sitemap.,Regenerated sitemap.xml with 1812 clean routes. Instructed user to request live inspection on clean URLs (kay-o, skirmish-a).,RESOLVED
6,Search Console,Page cannot be indexed: Excluded by noindex tag,Next.js metadata lacked explicit robots configuration and used relative canonical URLs (/agents/slug).,Added explicit robots: { index: true, follow: true } metadata in layout.tsx and dynamic generateMetadata functions. Formatted canonical URLs as absolute HTTPS links.,RESOLVED
7,Deployment,Vercel CLI upload error: missing_archive (Too many requests),Uploading thousands of loose static files individually exceeded Vercel API file upload limits.,Deploys now use npx vercel --prod --archive=tgz --yes to compress build artifacts into a single archive tarball before upload.,RESOLVED
8,DevTools / LCP,Unused preconnect warning on 3rd-party image domain,crossorigin="anonymous" attribute on preconnect prevented browser from sharing socket with standard non-CORS img requests.,Removed crossOrigin="anonymous" attribute from preconnect links in layout.tsx so preconnected TLS sockets are utilized for image downloads.,RESOLVED
9,CLS / Usability,Header Navigation Layout Shift (CLS 0.028),Header nav container lacked explicit height causing subtle shift when custom web font loaded.,Added h-[36px] min-h-[36px] to nav element in site-header.tsx to lock down geometric layout bounds.,RESOLVED
10,Search Console,Page cannot be indexed: Soft 404 on /agents/kay-o,AgentDetailPage used inline regex replace(/\s+/g, "-") which failed to handle slashes (/) in KAY/O, returning null and calling notFound().,Exported central slugify() helper in utils.ts, updated AgentDetailPage to use getAgent(slug) and AgentCard to use slugify().,RESOLVED
11,Search Console,Crawled - currently not indexed (Validation Failed) on skins weapons and leaks,Dynamic skin bundle and flex pages had robots: { index: false } and their paths were missing in sitemap.ts,Removed robots: { index: false } from public dynamic routes to inherit default indexing. Updated sitemap.ts to fetch and include dynamic skins bundles and flex routes.,RESOLVED
12,Search Console,Not found (404) on /agents/reyna-devour and /agents/summit-map,Googlebot crawled legacy malformed ability/map URLs originally indexed or linked externally.,Configured permanent 301 edge redirects in vercel.json and added prefix alias recovery in AgentDetailPage getAgent().,RESOLVED
13,Search Console,Crawled - currently not indexed on /skins/[uuid] (Sandswept Sheriff),Skin pages had thin client-only HTML without server-rendered text specs or FAQ schema.,Overhauled src/app/skins/[slug]/page.tsx with rich server-rendered HTML AnswerBox specs matrix chromas gallery and Product/FAQPage schema.,RESOLVED
14,Search Console,Validation Failed on Not found (404) for 11 affected pages (skins lore maps agents),"1) Standard skin UUIDs skipped in static params. 2) Lore slug mismatch (kingdom-corp vs kingdom). 3) the-range in sitemap without page. 4) Patch notes blindly generated /agents/ links for maps, weapons, and modes.","Configured 301 edge redirects in vercel.json for all 19 standard skins, kingdom-corp, the-range, and agent paths. Fixed patch notes link resolver. Sanitized sitemap.ts. Added static redirect generation.",RESOLVED
15,Search Console,Validation Failed on Crawled - currently not indexed for 36 affected skin pages,"1) 11 legacy UUID URLs had robots: { index: false } HTML, blocking indexing and failing GSC validation. 2) 25 clean slug skins had thin boilerplate (~350 words) and invalid ISO 4217 'VP' in Product schema.","Added 301 edge redirects in vercel.json for all crawled UUIDs; stopped building noindex UUID HTML. Overhauled skin pages to 700+ words with Night.Market rules, weapon archetypes, USD valuation, and RP calculations. Set ISO 4217 USD currency.",RESOLVED
16,Search Console,Page with redirect (39 affected legacy UUID URLs),"Legacy /skins/[uuid] URLs crawled by Googlebot were redirected to canonical /skins/[slug] URLs. GSC reports redirecting URLs as 'not indexed' by design because only canonical destination pages should be indexed.","Added permanent 301 edge redirects in vercel.json for all 39 UUIDs for sub-10ms CDN response. Confirmed all 39 target slugs are rich and fully indexable. Verified all internal links use clean canonical slugs.",RESOLVED
17,Search Console,Excluded by noindex tag (21 affected legacy UUID URLs),Legacy /skins/[uuid] pages crawled between Sep 8-12 rendered static HTML with robots noindex meta tags.,Removed static generation of UUID HTML pages with noindex. Added permanent 301 edge redirects in vercel.json for all 21 UUIDs to canonical slugs with index: true.,RESOLVED
18,Search Console,Validation Failed on Crawled - currently not indexed for 34 affected pages (13 UUIDs and 21 clean slugs),"1) 13 legacy UUID URLs (1f81e40e..., 855185cf...) missing from vercel.json edge redirects fell through to static export serving HTTP 200 with noindex meta tag causing GSC validation sample crawl to fail. 2) Clean slugs had isolated crawl graphs due to missing weapon cross-links and client-only load-more on /skins.","Automated 301 edge redirects in vercel.json for all 1386 skin UUIDs. Removed UUID param generation in watch/page.tsx and locked dynamicParams to false. Added SSR weapon hubs crawl mesh on /skins. Linked weapons to skin hubs and corrected schema currency to USD.",RESOLVED
19,Full Maintenance,Full ecosystem updates across npm packages database static records and specs,"1) Multiple packages had pending updates. 2) Database lacked 5 playable TDM maps. 3) Pages had relative canonicals. 4) Spec tasks in tasks.md were unchecked.","Upgraded compatible dependencies without breakages. Added District Kasbah Drift Glitch Piazza to local database (18 maps total) and Patch 13.07. Standardized absolute canonical URLs in playercards tiers and terms. Verified and checked all 221 redesign tasks in tasks.md.",RESOLVED
20,UI / Asset Rendering,Broken weapon image in Ballistic Arsenal section on Homepage (Vandal Sheriff),"1) ARMORY_WEAPONS in homepage-client.tsx used incorrect UUIDs for Vandal (9c82e14d... instead of 9c82e19d...) and Sheriff (Gekko agent UUID e370fa57... instead of e336c6b8...), resulting in Riot CDN HTTP 404s. 2) Exclusive content tier had typo UUID in valorant-types.ts. 3) 3 agent passives had dummy non-existent icon URLs.","Updated Vandal and Sheriff icon URLs to verified Riot API endpoints. Added unoptimized priority and dynamic key to the weapon Image component. Corrected Exclusive tier UUID in valorant-types.ts. Set icon to null on passives without dedicated icons.",RESOLVED
